user_id,first_name,last_name,email,country,signup_at
1,Taylor,Martin,taylor.martin4516@example.com,IE,2026-01-12 21:19:10
2,Jordan,Fournier,jordan.fournier6922@example.com,IE,2026-01-02 13:01:46
3,Quinn,Martin,quinn.martin9205@example.com,BE,2026-01-10 15:39:45
4,Morgan,David,,ES,2026-01-14 12:06:56
5,Finley,Simon,finley.simon4562@example.com,PT,2026-01-08 13:08:48
6,Jordan,Lefevre,jordan.lefevre1594@example.com,FR,2026-01-18 10:14:28
7,Hayden,Vincent,hayden.vincent2055@example.com,CH,2026-01-19 09:01:28
8,Drew,Fournier,drew.fournier3160@example.com,IT,2026-01-04 09:02:15
9,Jordan,Dubois,jordan.dubois1664@example.com,NL,2026-01-19 10:52:44
10,Jamie,Michel,jamie.michel5830@example.com,PT,2026-01-11 04:05:36
11,Quinn,Richard,quinn.richard8761@example.com,IE,2026-01-12 21:13:31
12,Morgan,Simon,morgan.simon926@example.com,BE,2026-01-12 02:51:37
13,Avery,Thomas,avery.thomas3466@example.com,GB,2026-01-28 12:48:45
14,Emerson,David,emerson.david2350@example.com,IE,2026-01-13 20:36:27
15,Avery,Fournier,avery.fournier7029@example.com,ES,2026-01-29 07:51:54
16,Kai,Bertrand,kai.bertrand1499@example.com,ES,2026-01-03 06:53:40
17,Finley,Morel,finley.morel1050@example.com,IE,2026-01-19 16:17:11
18,Avery,Vincent,avery.vincent198@example.com,IT,2026-01-06 13:27:44
19,Charlie,Petit,,IT,2026-01-22 02:32:17
20,Kai,Richard,kai.richard8327@example.com,IE,2026-01-06 03:58:39
21,Quinn,Durand,quinn.durand2514@example.com,IE,2026-01-19 03:38:28
22,Alex,Morel,alex.morel5320@example.com,IT,2026-01-24 17:16:00
23,Morgan,Bernard,morgan.bernard3956@example.com,GB,2026-01-28 13:01:07
24,Jordan,Vincent,jordan.vincent2070@example.com,ES,2026-01-07 05:35:12
25,Avery,Roux,avery.roux9948@example.com,DE,2026-01-21 12:59:29
26,Cameron,Lefevre,cameron.lefevre6128@example.com,DE,2026-01-22 06:25:24
27,Morgan,Thomas,morgan.thomas5549@example.com,DE,2026-01-02 00:30:24
28,Alex,Thomas,alex.thomas974@example.com,NL,2026-01-12 02:44:11
29,Jordan,Roux,jordan.roux3909@example.com,ES,2026-01-14 12:26:58
30,Noah,Fournier,noah.fournier7754@example.com,DE,2026-01-12 19:06:44
31,Taylor,Petit,taylor.petit7072@example.com,FR,2026-01-18 04:47:11
32,Taylor,Bernard,taylor.bernard6606@example.com,DE,2026-01-17 11:18:58
33,Riley,Vincent,riley.vincent7360@example.com,DE,2026-01-07 19:19:27
34,Jordan,David,jordan.david9026@example.com,FR,2026-01-05 18:04:18
35,Jordan,Dubois,jordan.dubois2734@example.com,BE,2026-01-20 17:30:24
36,Sam,Richard,sam.richard6219@example.com,GB,2026-01-01 02:30:40
37,Cameron,Garcia,cameron.garcia9115@example.com,FR,2026-01-24 15:00:47
38,Noah,Vincent,noah.vincent1008@example.com,IE,2026-01-16 05:22:33
39,Kai,Richard,kai.richard941@example.com,CH,2026-01-25 15:39:47
40,Jordan,Dubois,jordan.dubois6625@example.com,CH,2026-01-06 19:40:40
41,Quinn,Bernard,quinn.bernard1353@example.com,NL,2026-01-21 08:25:56
42,Avery,Durand,avery.durand5157@example.com,IT,2026-01-12 14:05:21
43,Hayden,Simon,hayden.simon1198@example.com,PT,2026-01-01 10:51:11
44,Jordan,Vincent,jordan.vincent3502@example.com,PT,2026-01-25 13:23:54
45,Morgan,Michel,morgan.michel4679@example.com,IT,2026-01-08 15:47:18
46,Quinn,Roux,quinn.roux138@example.com,ES,2026-01-27 22:09:30
47,Avery,Petit,avery.petit1763@example.com,DE,2026-01-27 20:33:08
48,Charlie,Durand,charlie.durand4335@example.com,FR,2026-01-25 12:50:39
49,Jordan,Garcia,jordan.garcia4543@example.com,IT,
50,Jamie,David,jamie.david9048@example.com,ES,2026-01-21 18:17:28
51,Logan,Bernard,logan.bernard6059@example.com,FR,2026-01-29 06:40:22
52,Cameron,Michel,cameron.michel663@example.com,PT,2026-01-18 08:52:40
53,Drew,Vincent,drew.vincent6668@example.com,DE,2026-01-31 03:07:23
54,Jamie,Richard,jamie.richard6765@example.com,BE,2026-01-02 04:52:41
55,Morgan,Moreau,morgan.moreau2618@example.com,GB,2026-01-06 05:56:25
56,Morgan,Durand,morgan.durand7551@example.com,DE,2026-01-17 23:22:53
57,Morgan,Martin,morgan.martin3174@example.com,IT,2026-01-20 08:14:47
58,Drew,Roux,drew.roux6558@example.com,IT,2026-01-27 00:44:11
59,Jamie,Fournier,jamie.fournier4359@example.com,NL,2026-01-02 20:34:22
60,Finley,Morel,finley.morel8389@example.com,IT,2026-01-06 14:44:13
61,Sam,Garcia,sam.garcia37@example.com,DE,2026-01-26 05:45:03
62,Drew,Garcia,drew.garcia1156@example.com,PT,2026-01-17 00:42:39
63,Cameron,Roux,cameron.roux5077@example.com,IE,2026-01-20 19:48:44
64,Casey,Durand,casey.durand6898@example.com,CH,2026-01-19 09:44:10
65,Noah,Laurent,noah.laurent6663@example.com,DE,2026-01-27 14:23:35
66,Finley,Fournier,finley.fournier9949@example.com,DE,2026-01-16 15:26:51
67,Kai,Bertrand,kai.bertrand2790@example.com,CH,2026-01-05 02:47:38
68,Charlie,Thomas,charlie.thomas3858@example.com,FR,2026-01-16 01:39:53
69,Sam,Dubois,sam.dubois7794@example.com,BE,2026-01-30 16:11:08
70,Noah,Durand,noah.durand6301@example.com,FR,2026-01-24 23:59:28
71,Taylor,Garcia,taylor.garcia3595@example.com,GB,2026-01-09 12:55:22
72,Sam,Vincent,sam.vincent4092@example.com,IE,2026-01-06 21:23:34
73,Logan,Morel,logan.morel5208@example.com,IE,2026-01-22 11:38:07
74,Finley,Vincent,finley.vincent7315@example.com,IT,2026-01-08 17:25:56
75,Morgan,Moreau,morgan.moreau8550@example.com,PT,2026-01-24 12:35:47
76,Cameron,Dubois,cameron.dubois4461@example.com,ES,2026-01-17 07:17:26
77,Casey,Dubois,casey.dubois6285@example.com,BE,2026-01-08 10:01:51
78,Charlie,Vincent,charlie.vincent7643@example.com,BE,2026-01-21 04:24:43
79,Noah,Martin,noah.martin9442@example.com,IT,2026-01-19 11:10:33
80,Emerson,Garcia,emerson.garcia8828@example.com,GB,2026-01-27 12:17:24
81,Morgan,Moreau,morgan.moreau7150@example.com,BE,2026-01-24 13:48:50
82,Jamie,David,jamie.david2101@example.com,CH,2026-01-31 04:58:54
83,Noah,Martin,noah.martin1385@example.com,FR,2026-01-21 19:22:12
84,Avery,Lefevre,avery.lefevre5373@example.com,BE,2026-01-11 06:36:07
85,Avery,Garcia,avery.garcia4143@example.com,FR,2026-01-04 23:25:39
86,Drew,Dubois,drew.dubois1134@example.com,DE,2026-01-02 22:54:14
87,Alex,Morel,alex.morel2506@example.com,CH,2026-01-12 13:55:30
88,Riley,David,riley.david4208@example.com,PT,2026-01-18 21:47:38
89,Jamie,Laurent,jamie.laurent1781@example.com,BE,2026-01-29 02:12:59
90,Emerson,Durand,emerson.durand1255@example.com,PT,2026-01-29 17:50:38
91,Cameron,Morel,cameron.morel1993@example.com,BE,2026-01-28 11:21:33
92,Drew,Thomas,drew.thomas8299@example.com,GB,2026-01-17 13:33:47
93,Taylor,Garcia,taylor.garcia5944@example.com,ES,2026-01-31 20:30:37
94,Finley,Richard,finley.richard8558@example.com,GB,2026-01-14 02:40:07
95,Hayden,Garcia,hayden.garcia9717@example.com,PT,2026-01-14 00:42:12
96,Avery,David,avery.david4005@example.com,NL,2026-01-23 13:25:28
97,Alex,Bertrand,alex.bertrand5335@example.com,IT,2026-01-09 19:51:31
98,Charlie,Moreau,charlie.moreau9777@example.com,DE,2026-01-14 09:52:34
99,Jordan,Dubois,jordan.dubois6668@example.com,GB,2026-01-24 17:14:04
100,Jules,David,jules.david292@example.com,DE,2026-01-05 12:24:54
101,Cameron,Fournier,cameron.fournier6056@example.com,IE,2026-01-23 23:23:18
102,Charlie,Michel,charlie.michel7444@example.com,DE,2026-01-14 03:38:25
103,Charlie,Petit,charlie.petit8789@example.com,IT,2026-01-09 23:42:54
104,Noah,Roux,noah.roux9787@example.com,IT,2026-01-14 17:43:02
105,Morgan,Michel,morgan.michel2949@example.com,IT,2026-01-15 16:10:02
106,Sam,Bernard,sam.bernard9076@example.com,GB,2026-01-15 04:21:49
107,Taylor,Martin,taylor.martin9415@example.com,ES,2026-01-14 19:16:45
108,Sam,Moreau,sam.moreau7837@example.com,PT,2026-01-06 12:55:16
109,Noah,Bernard,noah.bernard2495@example.com,PT,2026-01-08 05:49:40
110,Morgan,Petit,morgan.petit9153@example.com,DE,2026-01-21 04:52:40
111,Kai,Lefevre,kai.lefevre7391@example.com,BE,2026-01-22 11:48:26
112,Cameron,Fournier,cameron.fournier996@example.com,DE,2026-01-30 14:16:17
113,Riley,Moreau,riley.moreau1340@example.com,ES,2026-01-08 14:59:05
114,Alex,Garcia,alex.garcia7391@example.com,IT,2026-01-29 19:50:24
115,Cameron,David,cameron.david1176@example.com,CH,2026-01-12 07:57:30
116,Riley,Garcia,riley.garcia1890@example.com,IT,2026-01-27 10:27:40
117,Casey,Thomas,casey.thomas987@example.com,CH,2026-01-09 01:18:50
118,Cameron,David,cameron.david2047@example.com,IT,2026-01-23 18:04:21
119,Kai,Vincent,kai.vincent8100@example.com,BE,2026-01-22 06:01:33
120,Charlie,Morel,charlie.morel4112@example.com,CH,2026-01-02 06:08:05
121,Noah,Martin,noah.martin4425@example.com,GB,2026-01-28 23:22:35
122,Kai,David,kai.david4567@example.com,GB,2026-01-09 19:27:00
123,Jordan,Bertrand,jordan.bertrand5710@example.com,ES,2026-01-20 19:45:36
124,Charlie,Garcia,charlie.garcia8127@example.com,IE,2026-01-14 23:47:53
125,Sam,David,sam.david1452@example.com,BE,2026-01-16 06:26:20
126,Kai,Martin,kai.martin8899@example.com,NL,2026-01-23 10:14:29
127,Quinn,Bertrand,quinn.bertrand7252@example.com,IT,2026-01-03 12:07:55
128,Hayden,Bertrand,hayden.bertrand1999@example.com,DE,2026-01-02 09:38:07
129,Jamie,Laurent,jamie.laurent9034@example.com,PT,2026-01-01 15:55:54
130,Hayden,Petit,hayden.petit2532@example.com,IT,2026-01-25 04:38:58
131,Finley,Bertrand,finley.bertrand7746@example.com,DE,2026-01-12 19:58:01
132,Quinn,Roux,quinn.roux2246@example.com,BE,2026-01-04 09:20:04
133,Charlie,Roux,charlie.roux4387@example.com,CH,2026-01-01 02:59:19
134,Noah,Bertrand,noah.bertrand2444@example.com,IE,2026-01-22 16:15:55
135,Logan,Lefevre,logan.lefevre7470@example.com,DE,2026-01-16 14:53:52
136,Noah,Lefevre,noah.lefevre3836@example.com,BE,2026-01-20 22:35:15
137,Emerson,Robert,emerson.robert8125@example.com,NL,2026-01-02 19:07:51
138,Taylor,David,taylor.david1643@example.com,ES,2026-01-26 12:46:38
139,Finley,Robert,finley.robert1235@example.com,CH,2026-01-23 18:59:46
140,Emerson,Thomas,emerson.thomas5393@example.com,GB,2026-01-26 21:42:54
141,Logan,Bernard,logan.bernard1131@example.com,DE,2026-01-12 09:31:37
142,Jordan,Garcia,jordan.garcia1622@example.com,ES,2026-01-31 18:22:11
143,Cameron,Martin,cameron.martin763@example.com,NL,2026-01-16 17:55:25
144,Finley,Robert,finley.robert4010@example.com,ES,2026-01-26 18:51:13
145,Jamie,Richard,jamie.richard1303@example.com,DE,2026-01-30 14:06:33
146,Jules,Fournier,jules.fournier2354@example.com,IT,2026-01-12 06:31:08
147,Alex,David,alex.david4722@example.com,NL,2026-01-27 12:49:58
148,Noah,Laurent,noah.laurent6961@example.com,BE,2026-01-13 03:23:07
149,Jules,Petit,jules.petit3896@example.com,IT,2026-01-19 12:19:17
150,Alex,Lefevre,alex.lefevre4507@example.com,FR,2026-01-01 09:26:05
151,Quinn,Bertrand,quinn.bertrand4699@example.com,DE,2026-01-12 04:06:26
152,Quinn,Moreau,quinn.moreau2250@example.com,FR,2026-01-31 11:57:43
153,Cameron,David,cameron.david556@example.com,IT,2026-01-29 03:15:08
154,Charlie,Garcia,charlie.garcia2887@example.com,NL,2026-01-10 17:56:34
155,Kai,Roux,kai.roux4475@example.com,GB,2026-01-08 23:42:29
156,Cameron,Simon,cameron.simon1896@example.com,DE,2026-01-23 17:38:44
157,Emerson,Vincent,emerson.vincent6002@example.com,IE,2026-01-05 09:12:37
158,Taylor,David,taylor.david6048@example.com,NL,2026-01-13 17:26:24
159,Taylor,Dubois,taylor.dubois7734@example.com,NL,2026-01-02 05:09:20
160,Quinn,Dubois,quinn.dubois1045@example.com,IT,2026-01-31 20:17:57
161,Finley,Petit,finley.petit2300@example.com,GB,2026-01-03 04:49:58
162,Taylor,Petit,taylor.petit3856@example.com,IE,2026-01-27 02:17:13
163,Finley,Fournier,finley.fournier2541@example.com,CH,2026-01-21 03:22:31
164,Finley,Moreau,finley.moreau546@example.com,DE,2026-01-18 23:41:55
165,Drew,Petit,drew.petit6028@example.com,FR,2026-01-27 10:20:55
166,Emerson,Moreau,emerson.moreau3119@example.com,PT,2026-01-06 22:19:34
167,Riley,Morel,riley.morel359@example.com,ES,2026-01-03 10:55:41
168,Noah,Durand,noah.durand1134@example.com,DE,2026-01-27 21:41:55
169,Charlie,Robert,charlie.robert9774@example.com,ES,2026-01-01 03:18:13
170,Logan,Moreau,logan.moreau2868@example.com,FR,2026-01-06 08:04:24
171,Drew,Dubois,drew.dubois9657@example.com,ES,2026-01-16 17:13:15
172,Finley,Roux,finley.roux1872@example.com,IE,2026-01-04 02:03:01
173,Noah,Petit,noah.petit7415@example.com,IE,2026-01-25 11:00:52
174,Cameron,David,cameron.david520@example.com,BE,2026-01-03 22:52:00
175,Taylor,Bertrand,taylor.bertrand7277@example.com,ES,2026-01-04 13:37:22
176,Jordan,Robert,jordan.robert4515@example.com,NL,2026-01-31 07:22:57
177,Emerson,Morel,emerson.morel8702@example.com,PT,2026-01-15 07:34:50
178,Taylor,Vincent,taylor.vincent3532@example.com,NL,2026-01-21 21:04:04
179,Hayden,Lefevre,hayden.lefevre6825@example.com,IT,2026-01-05 14:46:58
180,Drew,Robert,drew.robert7780@example.com,BE,2026-01-04 06:12:57
181,Taylor,Michel,taylor.michel2141@example.com,IE,2026-01-28 00:13:08
182,Charlie,Petit,charlie.petit6740@example.com,BE,2026-01-18 03:58:17
183,Sam,Laurent,sam.laurent9847@example.com,DE,2026-01-16 04:01:45
184,Casey,Bertrand,casey.bertrand3684@example.com,PT,2026-01-06 06:05:00
185,Avery,Fournier,avery.fournier3715@example.com,CH,2026-01-21 19:57:07
186,Quinn,Vincent,quinn.vincent440@example.com,IT,2026-01-30 13:31:49
187,Alex,Richard,alex.richard4487@example.com,ES,2026-01-15 23:59:35
188,Casey,Fournier,casey.fournier6576@example.com,FR,2026-01-04 09:04:22
189,Jordan,Roux,jordan.roux3534@example.com,NL,2026-01-19 06:17:53
190,Cameron,Simon,cameron.simon9309@example.com,ES,2026-01-29 22:39:03
191,Quinn,Bernard,quinn.bernard1346@example.com,CH,2026-01-14 05:01:22
192,Hayden,Garcia,hayden.garcia4485@example.com,BE,2026-01-11 11:09:21
193,Taylor,Laurent,taylor.laurent9727@example.com,DE,2026-01-24 14:58:05
194,Emerson,Morel,emerson.morel907@example.com,ES,2026-01-01 08:57:21
195,Avery,Laurent,avery.laurent5385@example.com,ES,
196,Casey,Lefevre,casey.lefevre8735@example.com,NL,2026-01-12 04:05:54
197,Jordan,Lefevre,jordan.lefevre703@example.com,NL,2026-01-22 04:13:57
198,Noah,Garcia,noah.garcia9404@example.com,PT,2026-01-20 15:11:12
199,Emerson,Martin,emerson.martin5331@example.com,NL,2026-01-09 08:14:48
200,Jordan,Garcia,jordan.garcia1744@example.com,PT,2026-01-12 19:29:03
201,Emerson,Laurent,emerson.laurent5572@example.com,IE,2026-01-11 18:09:00
202,Taylor,Roux,taylor.roux8365@example.com,ES,2026-01-10 09:54:51
203,Morgan,Petit,morgan.petit2409@example.com,PT,2026-01-13 10:13:28
204,Jamie,Bertrand,jamie.bertrand7611@example.com,CH,2026-01-28 08:47:57
205,Quinn,Simon,quinn.simon5189@example.com,IT,2026-01-08 07:52:41
206,Avery,Fournier,avery.fournier930@example.com,GB,2026-01-18 02:02:32
207,Sam,Bernard,sam.bernard6051@example.com,PT,2026-01-14 22:28:08
208,Quinn,Morel,quinn.morel8317@example.com,FR,2026-01-19 15:57:16
209,Hayden,Fournier,hayden.fournier3094@example.com,FR,2026-01-16 14:36:20
210,Hayden,Petit,hayden.petit5636@example.com,DE,2026-01-05 02:15:02
211,Hayden,David,hayden.david8596@example.com,IT,2026-01-26 09:02:44
212,Emerson,Garcia,emerson.garcia5553@example.com,NL,2026-01-30 00:35:15
213,Jordan,Simon,jordan.simon1558@example.com,CH,2026-01-28 02:04:27
214,Casey,Simon,casey.simon1345@example.com,IT,2026-01-29 06:56:26
215,Emerson,Robert,emerson.robert9759@example.com,NL,2026-01-05 02:42:17
216,Casey,Roux,casey.roux1541@example.com,IT,2026-01-21 13:18:15
217,Jamie,Durand,jamie.durand5608@example.com,ES,2026-01-24 14:32:48
218,Jordan,Laurent,jordan.laurent1667@example.com,IE,2026-01-25 15:30:04
219,Sam,Simon,sam.simon2157@example.com,CH,2026-01-29 23:50:33
220,Jamie,David,jamie.david725@example.com,GB,2026-01-20 22:41:05
221,Quinn,Laurent,quinn.laurent7365@example.com,GB,2026-01-12 08:37:59
222,Riley,Michel,riley.michel9355@example.com,BE,2026-01-22 09:19:59
223,Kai,Roux,kai.roux6869@example.com,ES,2026-01-08 20:48:41
224,Avery,Bernard,avery.bernard7883@example.com,IE,2026-01-19 00:29:36
225,Taylor,Laurent,taylor.laurent1384@example.com,ES,2026-01-08 18:46:38
226,Finley,Thomas,finley.thomas3647@example.com,BE,2026-01-22 21:36:07
227,Sam,Lefevre,sam.lefevre8234@example.com,NL,2026-01-19 03:41:48
228,Morgan,Martin,morgan.martin5231@example.com,ES,2026-01-05 19:26:24
229,Casey,Bernard,casey.bernard4710@example.com,GB,2026-01-23 22:26:59
230,Hayden,Morel,hayden.morel96@example.com,ES,2026-01-04 20:18:16
231,Logan,Morel,logan.morel8657@example.com,IT,2026-01-21 13:07:39
232,Taylor,Bernard,taylor.bernard3916@example.com,PT,2026-01-21 09:07:55
233,Taylor,Bertrand,taylor.bertrand9786@example.com,DE,2026-01-27 00:32:52
234,Casey,Laurent,casey.laurent7042@example.com,BE,2026-01-01 01:49:21
235,Jamie,Thomas,jamie.thomas8586@example.com,IE,2026-01-18 12:08:01
236,Kai,Vincent,kai.vincent343@example.com,BE,2026-01-19 22:54:41
237,Drew,Moreau,drew.moreau276@example.com,PT,2026-01-18 08:02:40
238,Noah,Simon,noah.simon2195@example.com,ES,2026-01-03 03:39:17
239,Hayden,Bertrand,hayden.bertrand2996@example.com,GB,2026-01-07 13:06:52
240,Sam,Laurent,sam.laurent3312@example.com,NL,2026-01-03 03:02:16
241,Cameron,Roux,cameron.roux6534@example.com,DE,2026-01-27 08:40:35
242,Cameron,Michel,cameron.michel793@example.com,BE,2026-01-17 02:43:13
243,Emerson,David,emerson.david6344@example.com,GB,2026-01-17 11:00:22
244,Drew,Roux,drew.roux4379@example.com,CH,2026-01-05 00:14:57
245,Jamie,Vincent,jamie.vincent4823@example.com,IT,2026-01-16 14:14:18
246,Cameron,David,cameron.david9883@example.com,GB,2026-01-21 16:27:40
247,Sam,Michel,sam.michel7136@example.com,FR,2026-01-14 07:52:48
248,Jordan,Lefevre,jordan.lefevre5962@example.com,FR,2026-01-25 21:47:18
249,Casey,Morel,casey.morel7189@example.com,NL,2026-01-02 16:32:37
250,Drew,Lefevre,drew.lefevre9303@example.com,NL,2026-01-02 13:43:53
251,Drew,David,drew.david1269@example.com,NL,2026-01-28 20:40:02
252,Avery,Dubois,avery.dubois1868@example.com,BE,2026-01-02 06:11:28
253,Logan,Petit,logan.petit4298@example.com,CH,2026-01-13 15:15:34
254,Cameron,Bertrand,cameron.bertrand3289@example.com,ES,2026-01-06 22:52:58
255,Hayden,Thomas,hayden.thomas5246@example.com,IT,2026-01-17 20:46:47
256,Cameron,Richard,cameron.richard2862@example.com,DE,2026-01-18 13:10:08
257,Casey,Dubois,casey.dubois8104@example.com,GB,2026-01-02 06:37:23
258,Logan,Robert,logan.robert1422@example.com,GB,2026-01-04 04:36:07
259,Kai,Garcia,kai.garcia6718@example.com,PT,2026-01-28 21:48:27
260,Hayden,David,hayden.david8486@example.com,IE,2026-01-17 17:23:19
261,Noah,Richard,noah.richard2124@example.com,PT,2026-01-22 00:02:12
262,Kai,Robert,kai.robert4992@example.com,DE,2026-01-08 23:50:21
263,Drew,Roux,drew.roux4663@example.com,IE,2026-01-04 19:52:42
264,Avery,Robert,avery.robert4971@example.com,ES,2026-01-30 19:51:38
265,Noah,Fournier,noah.fournier2536@example.com,CH,2026-01-09 07:27:47
266,Charlie,Fournier,charlie.fournier684@example.com,CH,2026-01-02 09:03:27
267,Avery,Durand,avery.durand9383@example.com,IE,2026-01-21 05:21:31
268,Cameron,Laurent,cameron.laurent7922@example.com,IT,2026-01-12 21:18:12
269,Hayden,Thomas,hayden.thomas991@example.com,DE,2026-01-08 16:10:37
270,Charlie,Morel,charlie.morel2363@example.com,NL,2026-01-16 04:11:06
271,Emerson,Robert,emerson.robert6080@example.com,GB,2026-01-25 23:59:43
272,Taylor,Moreau,taylor.moreau7376@example.com,BE,2026-01-13 00:50:47
273,Quinn,Garcia,quinn.garcia4077@example.com,NL,2026-01-08 18:03:48
274,Riley,Richard,riley.richard8173@example.com,GB,2026-01-25 23:41:52
275,Alex,Thomas,alex.thomas6452@example.com,CH,2026-01-25 12:53:07
276,Drew,Bernard,drew.bernard838@example.com,GB,2026-01-14 15:48:14
277,Cameron,Vincent,cameron.vincent143@example.com,NL,2026-01-06 05:14:35
278,Emerson,Michel,emerson.michel751@example.com,NL,2026-01-20 10:42:41
279,Logan,Laurent,logan.laurent1214@example.com,IT,2026-01-19 18:07:44
280,Quinn,Morel,quinn.morel1956@example.com,NL,2026-01-07 05:54:13
281,Logan,Michel,logan.michel2373@example.com,FR,2026-01-10 15:55:09
282,Sam,Bernard,sam.bernard2255@example.com,ES,2026-01-17 04:01:13
283,Quinn,Roux,quinn.roux2300@example.com,BE,2026-01-16 22:06:28
284,Quinn,Laurent,quinn.laurent9737@example.com,GB,2026-01-17 07:54:12
285,Noah,Laurent,noah.laurent7790@example.com,BE,2026-01-01 19:23:00
286,Noah,Laurent,noah.laurent446@example.com,CH,2026-01-29 23:27:00
287,Noah,Dubois,noah.dubois851@example.com,CH,2026-01-29 07:51:14
288,Emerson,Robert,emerson.robert3978@example.com,DE,2026-01-02 12:46:56
289,Alex,David,alex.david5149@example.com,BE,2026-01-21 07:54:51
290,Kai,Morel,kai.morel7736@example.com,IE,2026-01-04 00:33:46
291,Charlie,Bertrand,charlie.bertrand8619@example.com,IE,2026-01-19 07:01:57
292,Charlie,Vincent,charlie.vincent5814@example.com,DE,2026-01-13 20:00:15
293,Avery,Vincent,avery.vincent4900@example.com,IT,2026-01-11 21:59:20
294,Riley,Bertrand,riley.bertrand5204@example.com,IT,2026-01-24 07:00:41
295,Cameron,Petit,cameron.petit9405@example.com,NL,2026-01-27 08:51:47
296,Casey,Laurent,casey.laurent699@example.com,GB,2026-01-14 23:06:49
297,Avery,Bertrand,avery.bertrand3515@example.com,IE,2026-01-10 19:25:34
298,Avery,Robert,avery.robert1799@example.com,FR,2026-01-30 21:18:56
299,Kai,Dubois,kai.dubois3824@example.com,GB,2026-01-03 13:09:23
300,Taylor,Robert,taylor.robert94@example.com,GB,2026-01-27 17:12:25
301,Jules,Durand,jules.durand4716@example.com,PT,2026-01-16 14:11:14
302,Noah,Dubois,noah.dubois8777@example.com,ES,2026-01-02 19:27:20
303,Sam,Lefevre,sam.lefevre8126@example.com,IT,2026-01-10 01:04:07
304,Sam,Martin,sam.martin4898@example.com,NL,2026-01-28 13:43:24
305,Cameron,David,cameron.david8911@example.com,IE,2026-01-26 10:52:31
306,Hayden,Moreau,hayden.moreau3169@example.com,IT,2026-01-06 11:14:34
307,Jamie,Martin,jamie.martin5533@example.com,ES,2026-01-15 07:43:41
308,Quinn,Lefevre,quinn.lefevre7017@example.com,PT,2026-01-26 00:20:43
309,Jamie,Robert,,BE,2026-01-16 17:01:23
310,Morgan,David,morgan.david4384@example.com,FR,2026-01-17 00:02:28
311,Avery,Michel,avery.michel3881@example.com,ES,2026-01-04 00:22:48
312,Emerson,Roux,emerson.roux5105@example.com,NL,2026-01-06 16:47:57
313,Quinn,Dubois,quinn.dubois3600@example.com,CH,2026-01-07 11:37:08
314,Drew,Garcia,drew.garcia9008@example.com,DE,2026-01-23 20:33:16
315,Morgan,Morel,morgan.morel1351@example.com,PT,2026-01-26 12:15:34
316,Noah,Petit,noah.petit1021@example.com,IE,2026-01-27 14:03:27
317,Casey,Richard,casey.richard5385@example.com,CH,2026-01-26 06:14:30
318,Jules,Thomas,jules.thomas8371@example.com,IE,2026-01-22 15:01:29
319,Finley,David,finley.david9249@example.com,IT,2026-01-03 19:16:05
320,Alex,Lefevre,alex.lefevre4179@example.com,FR,2026-01-01 03:30:47
321,Finley,Michel,finley.michel1054@example.com,PT,2026-01-27 06:30:04
322,Jules,Bernard,jules.bernard4713@example.com,BE,2026-01-20 20:21:52
323,Drew,Lefevre,drew.lefevre7358@example.com,IE,2026-01-19 07:48:54
324,Casey,Michel,casey.michel1953@example.com,ES,2026-01-09 15:56:12
325,Morgan,Martin,morgan.martin382@example.com,BE,2026-01-15 11:37:05
326,Logan,Lefevre,logan.lefevre3772@example.com,DE,2026-01-13 00:22:20
327,Taylor,Bernard,taylor.bernard6878@example.com,FR,2026-01-30 20:26:14
328,Morgan,Durand,morgan.durand1112@example.com,FR,2026-01-05 21:33:11
329,Morgan,Bernard,morgan.bernard6600@example.com,FR,2026-01-22 07:25:43
330,Casey,Roux,casey.roux4749@example.com,NL,2026-01-12 08:49:04
331,Noah,Morel,noah.morel5263@example.com,IE,2026-01-12 12:00:47
332,Morgan,Garcia,morgan.garcia4933@example.com,ES,2026-01-14 08:34:39
333,Finley,Vincent,finley.vincent8130@example.com,BE,2026-01-03 06:37:26
334,Kai,Simon,kai.simon6831@example.com,IE,2026-01-20 19:39:23
335,Jules,Dubois,jules.dubois3702@example.com,GB,2026-01-15 14:22:59
336,Sam,Vincent,sam.vincent6771@example.com,DE,2026-01-21 05:16:00
337,Avery,Durand,avery.durand5421@example.com,PT,2026-01-04 20:07:25
338,Logan,Durand,logan.durand854@example.com,FR,2026-01-14 00:46:49
339,Jordan,Durand,jordan.durand9636@example.com,NL,2026-01-28 03:06:28
340,Cameron,Martin,cameron.martin3480@example.com,GB,2026-01-10 05:23:37
341,Morgan,Morel,morgan.morel3360@example.com,IT,2026-01-20 06:06:35
342,Emerson,David,emerson.david8753@example.com,GB,2026-01-18 10:34:03
343,Hayden,Petit,hayden.petit7702@example.com,BE,2026-01-16 13:05:55
344,Sam,Fournier,sam.fournier3635@example.com,CH,2026-01-08 02:00:44
345,Noah,Garcia,noah.garcia4846@example.com,CH,2026-01-08 09:34:19
346,Morgan,Bertrand,morgan.bertrand9031@example.com,GB,2026-01-17 09:17:27
347,Hayden,Richard,hayden.richard5780@example.com,ES,2026-01-09 05:12:31
348,Logan,Bernard,logan.bernard8594@example.com,FR,2026-01-02 15:24:27
349,Alex,Garcia,alex.garcia2262@example.com,FR,2026-01-31 14:49:14
350,Riley,Roux,riley.roux7481@example.com,CH,2026-01-19 02:48:37
351,Jules,Bertrand,jules.bertrand267@example.com,FR,2026-01-01 07:42:14
352,Kai,Moreau,kai.moreau8787@example.com,BE,2026-01-14 22:00:58
353,Jamie,Petit,jamie.petit1588@example.com,IE,2026-01-26 10:57:11
354,Avery,Michel,avery.michel4389@example.com,GB,2026-01-20 06:25:04
355,Noah,Dubois,noah.dubois3710@example.com,FR,2026-01-15 13:29:44
356,Jordan,Lefevre,jordan.lefevre6223@example.com,FR,2026-01-19 07:26:03
357,Jamie,Thomas,jamie.thomas8199@example.com,PT,2026-01-22 01:32:28
358,Kai,Bernard,kai.bernard3774@example.com,CH,2026-01-11 06:19:07
359,Jules,Moreau,jules.moreau772@example.com,IE,2026-01-04 14:37:18
360,Noah,Bernard,noah.bernard2948@example.com,ES,2026-01-16 06:24:04
361,Emerson,Thomas,emerson.thomas4913@example.com,BE,2026-01-08 21:16:05
362,Logan,Simon,logan.simon6298@example.com,PT,2026-01-07 19:03:15
363,Kai,Michel,kai.michel889@example.com,NL,2026-01-05 17:48:43
364,Quinn,Morel,quinn.morel9768@example.com,IT,2026-01-20 06:11:33
365,Hayden,Bertrand,hayden.bertrand3747@example.com,ES,2026-01-18 06:33:00
366,Noah,Lefevre,noah.lefevre1414@example.com,PT,2026-01-31 00:44:23
367,Jordan,Moreau,jordan.moreau2536@example.com,BE,2026-01-19 10:43:55
368,Charlie,Michel,charlie.michel1755@example.com,NL,
369,Avery,Petit,avery.petit2180@example.com,IE,2026-01-05 05:42:31
370,Kai,Garcia,kai.garcia1702@example.com,CH,2026-01-02 06:35:50
371,Quinn,Simon,quinn.simon6321@example.com,PT,2026-01-01 14:22:40
372,Logan,Dubois,logan.dubois9380@example.com,ES,2026-01-26 07:07:50
373,Avery,Laurent,avery.laurent4407@example.com,IT,2026-01-24 22:31:51
374,Finley,Laurent,finley.laurent7943@example.com,GB,2026-01-04 17:37:11
375,Quinn,Morel,quinn.morel3213@example.com,BE,2026-01-23 05:26:50
376,Charlie,Morel,charlie.morel6234@example.com,CH,2026-01-16 23:56:38
377,Casey,Laurent,casey.laurent5263@example.com,NL,2026-01-30 06:47:31
378,Jamie,Lefevre,jamie.lefevre5238@example.com,CH,2026-01-15 03:33:42
379,Morgan,Simon,morgan.simon6171@example.com,PT,2026-01-14 14:34:24
380,Noah,Durand,noah.durand9713@example.com,FR,2026-01-27 11:42:14
381,Hayden,Durand,hayden.durand7193@example.com,BE,2026-01-15 03:25:31
382,Jules,Robert,jules.robert4971@example.com,BE,2026-01-12 17:58:30
383,Emerson,Thomas,emerson.thomas7367@example.com,IE,2026-01-30 00:38:36
384,Finley,Vincent,finley.vincent612@example.com,CH,2026-01-18 10:52:55
385,Jordan,Petit,jordan.petit4077@example.com,CH,2026-01-18 05:36:54
386,Emerson,Simon,emerson.simon7062@example.com,IE,2026-01-06 03:26:03
387,Kai,Vincent,kai.vincent9521@example.com,GB,2026-01-28 22:11:52
388,Noah,Roux,noah.roux2479@example.com,IT,2026-01-17 17:54:58
389,Finley,Thomas,finley.thomas1911@example.com,DE,2026-01-07 21:03:48
390,Kai,Bertrand,kai.bertrand5716@example.com,GB,2026-01-24 02:46:10
391,Charlie,Thomas,charlie.thomas4929@example.com,NL,2026-01-03 04:03:34
392,Taylor,Richard,taylor.richard4006@example.com,IE,2026-01-26 01:10:35
393,Finley,David,finley.david3808@example.com,BE,2026-01-20 15:54:52
394,Emerson,Martin,emerson.martin3242@example.com,DE,2026-01-22 19:47:34
395,Riley,Moreau,riley.moreau1035@example.com,ES,2026-01-29 00:39:32
396,Drew,Simon,drew.simon3238@example.com,GB,2026-01-23 05:05:05
397,Kai,Simon,kai.simon9790@example.com,NL,2026-01-19 20:47:51
398,Drew,David,drew.david2836@example.com,ES,2026-01-15 10:32:54
399,Charlie,Petit,charlie.petit3918@example.com,ES,2026-01-15 19:47:36
400,Kai,Lefevre,kai.lefevre6862@example.com,ES,2026-01-29 22:53:11
401,Jules,Vincent,jules.vincent2848@example.com,ES,2026-01-27 22:31:12
402,Charlie,David,charlie.david888@example.com,DE,2026-01-18 10:18:39
403,Emerson,Vincent,emerson.vincent8291@example.com,GB,2026-01-25 00:40:54
404,Jules,Richard,jules.richard1364@example.com,IT,2026-01-28 10:44:10
405,Sam,Moreau,sam.moreau3693@example.com,CH,2026-01-27 02:21:33
406,Jules,Vincent,jules.vincent8379@example.com,IE,2026-01-06 11:54:01
407,Drew,Vincent,drew.vincent691@example.com,PT,2026-01-22 10:13:45
408,Morgan,Laurent,morgan.laurent538@example.com,PT,2026-01-22 19:58:34
409,Hayden,Petit,hayden.petit3892@example.com,NL,2026-01-11 04:31:32
410,Quinn,Garcia,quinn.garcia2729@example.com,DE,2026-01-30 21:52:05
411,Sam,Fournier,sam.fournier5757@example.com,NL,2026-01-26 20:09:07
412,Cameron,Laurent,cameron.laurent9393@example.com,PT,2026-01-13 23:28:38
413,Casey,Garcia,casey.garcia981@example.com,ES,2026-01-14 11:06:19
414,Morgan,Robert,morgan.robert5287@example.com,GB,2026-01-13 00:25:19
415,Casey,Fournier,casey.fournier4412@example.com,PT,2026-01-31 11:27:17
416,Emerson,Roux,emerson.roux4568@example.com,CH,2026-01-18 21:59:56
417,Alex,Thomas,alex.thomas7521@example.com,PT,2026-01-31 19:38:34
418,Logan,Lefevre,logan.lefevre3578@example.com,NL,2026-01-21 20:34:13
419,Cameron,Simon,cameron.simon8977@example.com,NL,2026-01-29 01:20:29
420,Sam,Bernard,sam.bernard1641@example.com,PT,2026-01-31 09:33:07
421,Jamie,David,jamie.david7489@example.com,ES,2026-01-01 00:47:15
422,Cameron,Richard,cameron.richard4499@example.com,NL,2026-01-05 12:44:56
423,Jamie,Bernard,jamie.bernard6503@example.com,DE,2026-01-31 08:52:54
424,Finley,Thomas,finley.thomas1569@example.com,CH,2026-01-01 01:15:56
425,Morgan,Roux,morgan.roux7301@example.com,PT,
426,Finley,Robert,finley.robert7836@example.com,PT,2026-01-04 10:31:15
427,Taylor,Simon,taylor.simon6032@example.com,ES,2026-01-15 12:39:27
428,Casey,Thomas,casey.thomas8701@example.com,GB,
429,Drew,Durand,drew.durand2490@example.com,DE,2026-01-20 23:40:36
430,Jordan,Petit,jordan.petit2303@example.com,BE,2026-01-06 23:29:18
431,Charlie,Robert,charlie.robert4069@example.com,CH,2026-01-14 10:41:26
432,Quinn,Morel,quinn.morel4678@example.com,IT,2026-01-02 07:15:09
433,Riley,Roux,riley.roux9953@example.com,FR,2026-01-25 17:38:12
434,Morgan,Bertrand,morgan.bertrand6332@example.com,PT,2026-01-06 11:21:21
435,Kai,Martin,kai.martin5926@example.com,CH,2026-01-16 08:43:02
436,Finley,Michel,finley.michel8961@example.com,PT,2026-01-09 09:17:31
437,Alex,Fournier,alex.fournier1116@example.com,FR,2026-01-01 16:04:13
438,Emerson,Roux,emerson.roux4703@example.com,BE,2026-01-31 12:20:16
439,Emerson,Thomas,emerson.thomas8801@example.com,IT,2026-01-27 02:24:50
440,Jordan,Roux,jordan.roux3339@example.com,PT,2026-01-08 13:01:38
441,Cameron,Garcia,cameron.garcia3919@example.com,PT,2026-01-03 19:27:55
442,Hayden,Morel,hayden.morel9985@example.com,ES,2026-01-03 16:06:46
443,Taylor,Martin,taylor.martin2258@example.com,IE,2026-01-01 13:13:27
444,Kai,Moreau,kai.moreau2745@example.com,IT,2026-01-19 01:15:33
445,Taylor,Martin,taylor.martin5498@example.com,CH,2026-01-21 20:11:57
446,Jordan,Bertrand,jordan.bertrand7467@example.com,CH,2026-01-25 19:06:14
447,Jamie,Michel,jamie.michel2587@example.com,PT,2026-01-13 09:13:54
448,Morgan,Roux,morgan.roux52@example.com,FR,2026-01-03 03:18:28
449,Jules,Michel,jules.michel6284@example.com,FR,2026-01-08 06:51:40
450,Logan,Garcia,logan.garcia3688@example.com,NL,2026-01-16 14:55:35
451,Avery,Thomas,avery.thomas9374@example.com,FR,2026-01-19 02:21:10
452,Jamie,Dubois,jamie.dubois8460@example.com,GB,2026-01-03 05:30:38
453,Cameron,Laurent,,DE,2026-01-05 04:38:47
454,Cameron,Fournier,cameron.fournier4989@example.com,GB,2026-01-31 05:31:06
455,Riley,Vincent,riley.vincent4026@example.com,DE,
456,Logan,Michel,logan.michel167@example.com,IT,
457,Taylor,Durand,taylor.durand8690@example.com,ES,2026-01-12 13:29:07
458,Avery,Thomas,avery.thomas729@example.com,NL,2026-01-12 05:41:06
459,Hayden,Thomas,hayden.thomas9525@example.com,BE,2026-01-05 15:21:19
460,Jordan,Fournier,jordan.fournier9313@example.com,DE,2026-01-04 00:33:53
461,Cameron,Moreau,cameron.moreau5171@example.com,NL,2026-01-20 01:49:22
462,Hayden,Moreau,hayden.moreau3837@example.com,CH,2026-01-04 15:01:01
463,Taylor,Robert,taylor.robert1741@example.com,PT,2026-01-08 23:30:38
464,Logan,Michel,logan.michel3411@example.com,PT,2026-01-22 22:31:17
465,Jordan,Richard,jordan.richard4994@example.com,NL,2026-01-30 06:53:54
466,Casey,Thomas,casey.thomas4076@example.com,IT,2026-01-18 06:28:13
467,Avery,Richard,avery.richard519@example.com,IE,2026-01-20 15:09:03
468,Morgan,Petit,morgan.petit7580@example.com,FR,2026-01-05 22:43:50
469,Sam,Dubois,sam.dubois2151@example.com,PT,2026-01-10 14:50:30
470,Noah,Fournier,noah.fournier4250@example.com,GB,2026-01-04 15:21:59
471,Casey,Thomas,casey.thomas5442@example.com,ES,2026-01-06 22:45:18
472,Noah,Garcia,noah.garcia6481@example.com,ES,2026-01-25 02:01:44
473,Drew,Durand,drew.durand3076@example.com,FR,2026-01-14 08:22:37
474,Quinn,Morel,quinn.morel4036@example.com,GB,2026-01-15 07:49:20
475,Sam,Thomas,sam.thomas4593@example.com,IE,2026-01-19 14:14:42
476,Morgan,Vincent,morgan.vincent329@example.com,IE,2026-01-19 13:38:33
477,Jules,Michel,jules.michel9277@example.com,FR,2026-01-25 09:19:50
478,Charlie,Morel,charlie.morel3598@example.com,FR,2026-01-02 10:08:27
479,Jules,Roux,jules.roux5866@example.com,PT,2026-01-29 08:23:47
480,Morgan,Dubois,morgan.dubois4376@example.com,FR,2026-01-26 21:47:36
481,Morgan,Fournier,morgan.fournier6373@example.com,ES,2026-01-18 05:22:38
482,Jamie,Dubois,jamie.dubois9717@example.com,CH,2026-01-16 10:30:06
483,Alex,Michel,alex.michel9310@example.com,GB,2026-01-28 08:38:56
484,Logan,Laurent,logan.laurent2886@example.com,CH,2026-01-24 19:23:59
485,Morgan,Martin,morgan.martin8635@example.com,DE,
486,Casey,Simon,casey.simon2917@example.com,ES,2026-01-16 17:00:29
487,Taylor,Roux,taylor.roux5988@example.com,BE,2026-01-04 12:30:19
488,Noah,Petit,noah.petit5524@example.com,BE,2026-01-15 15:34:54
489,Jules,Simon,jules.simon2864@example.com,NL,2026-01-28 06:45:03
490,Morgan,Fournier,morgan.fournier2882@example.com,ES,2026-01-19 08:50:57
491,Jamie,Martin,jamie.martin9395@example.com,CH,2026-01-20 00:14:55
492,Sam,Richard,sam.richard9879@example.com,DE,2026-01-16 10:44:58
493,Noah,Petit,noah.petit8139@example.com,NL,2026-01-07 19:51:41
494,Charlie,Richard,charlie.richard1463@example.com,DE,2026-01-17 07:10:35
495,Jordan,Michel,jordan.michel4215@example.com,GB,2026-01-06 05:52:09
496,Finley,Richard,finley.richard6793@example.com,BE,2026-01-24 22:28:55
497,Taylor,Bertrand,taylor.bertrand9480@example.com,FR,2026-01-11 22:49:22
498,Cameron,Martin,cameron.martin5231@example.com,ES,2026-01-13 16:14:08
499,Emerson,Richard,emerson.richard1238@example.com,NL,2026-01-27 13:21:18
500,Quinn,Morel,quinn.morel7919@example.com,CH,2026-01-02 12:06:34
501,Finley,Richard,finley.richard887@example.com,BE,2026-01-05 21:58:26
502,Logan,Vincent,logan.vincent4356@example.com,BE,2026-01-14 15:59:53
503,Noah,Vincent,,PT,2026-01-08 10:56:42
504,Cameron,Morel,cameron.morel7879@example.com,IT,2026-01-10 16:38:16
505,Jordan,Bertrand,jordan.bertrand1902@example.com,IT,2026-01-15 23:15:27
506,Jordan,Vincent,jordan.vincent6359@example.com,ES,2026-01-09 23:24:08
507,Hayden,Bernard,hayden.bernard4323@example.com,IT,2026-01-22 08:20:05
508,Noah,Bernard,noah.bernard2486@example.com,IE,2026-01-05 16:40:00
509,Finley,Fournier,finley.fournier3737@example.com,IE,2026-01-27 20:59:34
510,Finley,Vincent,finley.vincent7789@example.com,PT,2026-01-28 19:15:37
511,Emerson,Bernard,emerson.bernard8236@example.com,CH,2026-01-28 17:31:10
512,Casey,Petit,casey.petit7367@example.com,DE,2026-01-09 09:25:06
513,Riley,Robert,riley.robert709@example.com,DE,2026-01-21 13:16:03
514,Casey,Morel,casey.morel4235@example.com,PT,2026-01-16 12:32:06
515,Jordan,Lefevre,jordan.lefevre9125@example.com,IE,2026-01-20 06:57:07
516,Hayden,Martin,hayden.martin9636@example.com,ES,2026-01-26 08:49:43
517,Casey,Fournier,casey.fournier9642@example.com,PT,2026-01-29 06:52:04
518,Noah,Petit,noah.petit4697@example.com,IT,2026-01-27 00:03:29
519,Emerson,Bertrand,emerson.bertrand9382@example.com,BE,2026-01-30 13:29:32
520,Casey,Morel,casey.morel9982@example.com,NL,2026-01-20 12:02:15
521,Morgan,Bernard,morgan.bernard7795@example.com,IT,2026-01-14 00:55:24
522,Cameron,Moreau,cameron.moreau8064@example.com,IT,2026-01-05 18:25:53
523,Hayden,Simon,hayden.simon4424@example.com,GB,2026-01-21 05:34:31
524,Riley,Garcia,riley.garcia7947@example.com,IE,2026-01-26 01:46:03
525,Jamie,Thomas,jamie.thomas5107@example.com,IE,2026-01-25 14:27:33
526,Noah,Martin,noah.martin2856@example.com,FR,2026-01-10 08:35:08
527,Morgan,Bernard,morgan.bernard7488@example.com,IT,2026-01-03 10:54:20
528,Drew,David,drew.david8285@example.com,FR,2026-01-20 06:28:16
529,Morgan,Michel,morgan.michel8018@example.com,GB,2026-01-29 20:06:39
530,Noah,Vincent,noah.vincent5740@example.com,PT,2026-01-17 17:04:44
531,Cameron,Martin,cameron.martin6343@example.com,DE,2026-01-03 09:50:51
532,Morgan,Dubois,morgan.dubois3397@example.com,FR,2026-01-14 01:30:18
533,Jules,Robert,jules.robert2847@example.com,CH,2026-01-30 04:22:52
534,Cameron,Moreau,cameron.moreau6953@example.com,DE,2026-01-19 06:37:32
535,Hayden,Laurent,hayden.laurent8540@example.com,IE,2026-01-31 06:33:13
536,Drew,Vincent,drew.vincent9738@example.com,GB,2026-01-30 13:35:41
537,Jordan,Simon,jordan.simon4539@example.com,IT,2026-01-16 18:48:43
538,Riley,Robert,riley.robert8485@example.com,CH,2026-01-12 15:58:19
539,Emerson,Simon,emerson.simon2302@example.com,IT,2026-01-02 05:39:27
540,Finley,Lefevre,finley.lefevre6371@example.com,DE,2026-01-02 17:08:58
541,Charlie,Dubois,charlie.dubois8769@example.com,NL,2026-01-31 23:41:21
542,Kai,Laurent,kai.laurent2795@example.com,ES,2026-01-28 02:24:22
543,Avery,Vincent,avery.vincent3009@example.com,DE,2026-01-17 07:02:24
544,Cameron,Garcia,cameron.garcia5438@example.com,PT,2026-01-19 01:02:29
545,Jules,Bernard,jules.bernard9571@example.com,DE,2026-01-29 04:06:49
546,Kai,Petit,kai.petit6263@example.com,ES,2026-01-26 17:18:23
547,Casey,Durand,casey.durand5624@example.com,GB,2026-01-20 20:44:34
548,Casey,Simon,casey.simon2964@example.com,ES,2026-01-04 22:09:07
549,Charlie,Bernard,charlie.bernard87@example.com,ES,2026-01-22 22:40:48
550,Noah,Richard,noah.richard8031@example.com,BE,2026-01-05 06:34:32
551,Emerson,Garcia,emerson.garcia7831@example.com,NL,
552,Alex,Simon,,DE,2026-01-10 06:02:16
553,Morgan,Michel,morgan.michel5123@example.com,IT,2026-01-07 06:12:54
554,Jamie,Thomas,jamie.thomas759@example.com,IE,2026-01-15 11:25:50
555,Quinn,Roux,quinn.roux5545@example.com,NL,2026-01-22 01:15:23
556,Jules,Michel,jules.michel3097@example.com,BE,2026-01-09 00:06:11
557,Alex,Dubois,alex.dubois3685@example.com,IE,2026-01-07 08:51:56
558,Jamie,Petit,jamie.petit6016@example.com,IE,2026-01-02 19:31:53
559,Quinn,Bernard,quinn.bernard9740@example.com,FR,2026-01-03 07:52:40
560,Sam,Petit,sam.petit6838@example.com,GB,2026-01-22 13:39:49
561,Casey,Durand,casey.durand162@example.com,IE,2026-01-15 14:49:33
562,Avery,Morel,avery.morel9932@example.com,IE,2026-01-07 15:48:25
563,Quinn,Petit,quinn.petit4641@example.com,CH,2026-01-06 12:50:03
564,Riley,Moreau,riley.moreau8581@example.com,ES,2026-01-10 18:57:58
565,Sam,Vincent,sam.vincent8142@example.com,DE,2026-01-11 01:58:51
566,Alex,Martin,alex.martin1468@example.com,ES,2026-01-06 08:39:40
567,Jordan,Roux,jordan.roux1239@example.com,GB,2026-01-05 22:00:43
568,Cameron,Moreau,cameron.moreau7616@example.com,FR,2026-01-03 10:20:51
569,Cameron,Michel,cameron.michel5133@example.com,FR,2026-01-21 16:19:13
570,Alex,Robert,alex.robert2803@example.com,CH,2026-01-16 22:55:03
571,Avery,Thomas,avery.thomas6115@example.com,GB,2026-01-17 15:18:03
572,Avery,Lefevre,avery.lefevre7845@example.com,PT,2026-01-21 11:21:45
573,Casey,Bernard,casey.bernard2621@example.com,CH,2026-01-06 00:50:04
574,Hayden,Richard,hayden.richard6231@example.com,ES,2026-01-18 09:47:52
575,Jules,Bertrand,jules.bertrand1860@example.com,NL,2026-01-20 23:10:51
576,Alex,Roux,alex.roux9457@example.com,NL,2026-01-28 10:17:13
577,Kai,Roux,kai.roux1570@example.com,NL,2026-01-22 00:18:15
578,Emerson,Robert,emerson.robert9157@example.com,ES,2026-01-30 18:05:47
579,Kai,Bertrand,kai.bertrand8133@example.com,DE,2026-01-09 00:42:34
580,Charlie,Moreau,charlie.moreau834@example.com,BE,2026-01-25 14:36:55
581,Morgan,Thomas,morgan.thomas7531@example.com,GB,2026-01-22 13:31:03
582,Hayden,Simon,hayden.simon1954@example.com,BE,2026-01-25 03:28:55
583,Finley,Bernard,finley.bernard9138@example.com,CH,
584,Quinn,Laurent,quinn.laurent8338@example.com,NL,2026-01-28 07:09:53
585,Drew,Bernard,drew.bernard3662@example.com,CH,2026-01-23 01:29:03
586,Jules,Michel,jules.michel7424@example.com,FR,2026-01-06 12:50:48
587,Charlie,Michel,charlie.michel4793@example.com,FR,2026-01-27 14:06:20
588,Jamie,Bertrand,jamie.bertrand2311@example.com,DE,2026-01-20 20:45:54
589,Taylor,Lefevre,taylor.lefevre3542@example.com,NL,2026-01-23 04:29:49
590,Taylor,Garcia,taylor.garcia771@example.com,GB,2026-01-31 17:46:43
591,Hayden,Fournier,,FR,2026-01-07 12:51:44
592,Logan,Garcia,logan.garcia9596@example.com,ES,2026-01-24 10:39:23
593,Noah,Richard,noah.richard2113@example.com,NL,2026-01-06 00:38:56
594,Kai,Lefevre,kai.lefevre6869@example.com,IT,2026-01-30 13:31:44
595,Emerson,Simon,emerson.simon4829@example.com,CH,2026-01-22 23:36:12
596,Kai,Laurent,kai.laurent8985@example.com,DE,2026-01-16 05:43:57
597,Riley,Durand,riley.durand4770@example.com,ES,2026-01-17 18:17:46
598,Kai,Vincent,kai.vincent5291@example.com,CH,2026-01-06 14:27:24
599,Noah,Garcia,noah.garcia8757@example.com,FR,2026-01-14 21:07:48
600,Kai,Petit,kai.petit424@example.com,DE,2026-01-19 11:44:45
601,Avery,Richard,avery.richard4705@example.com,IT,2026-01-13 03:55:29
602,Riley,Vincent,riley.vincent539@example.com,IE,2026-01-18 09:53:43
603,Morgan,Vincent,morgan.vincent6381@example.com,IT,2026-01-12 12:49:07
604,Sam,Lefevre,sam.lefevre6359@example.com,NL,2026-01-21 05:20:05
605,Logan,Bernard,logan.bernard222@example.com,GB,2026-01-13 04:50:01
606,Morgan,Michel,morgan.michel9650@example.com,DE,2026-01-27 12:51:10
607,Cameron,David,cameron.david2916@example.com,IE,2026-01-04 14:45:45
608,Taylor,Lefevre,taylor.lefevre675@example.com,ES,2026-01-21 19:14:52
609,Noah,Moreau,noah.moreau102@example.com,FR,2026-01-17 01:08:00
610,Casey,Simon,casey.simon9789@example.com,IT,2026-01-03 11:15:03
611,Jules,Fournier,jules.fournier9023@example.com,IE,2026-01-18 09:11:59
612,Morgan,Richard,morgan.richard8539@example.com,IE,2026-01-04 07:25:52
613,Logan,Lefevre,logan.lefevre1516@example.com,NL,2026-01-17 23:05:02
614,Charlie,Michel,charlie.michel4819@example.com,GB,2026-01-11 14:30:25
615,Logan,Martin,logan.martin1889@example.com,CH,2026-01-17 19:07:39
616,Quinn,Dubois,quinn.dubois663@example.com,PT,2026-01-16 13:55:07
617,Emerson,Moreau,emerson.moreau8861@example.com,NL,2026-01-14 17:31:10
618,Kai,Roux,kai.roux7310@example.com,DE,2026-01-24 15:10:06
619,Charlie,Roux,charlie.roux1359@example.com,IE,2026-01-05 15:47:50
620,Logan,Martin,logan.martin1082@example.com,BE,2026-01-11 05:34:41
621,Taylor,Durand,taylor.durand8820@example.com,ES,2026-01-22 03:05:19
622,Alex,David,alex.david5444@example.com,IT,2026-01-02 20:08:26
623,Logan,Thomas,logan.thomas9430@example.com,GB,2026-01-12 01:13:34
624,Emerson,Garcia,emerson.garcia5193@example.com,FR,2026-01-01 19:40:45
625,Quinn,Thomas,quinn.thomas9604@example.com,IE,2026-01-03 05:01:51
626,Taylor,Laurent,taylor.laurent4947@example.com,GB,2026-01-30 10:42:01
627,Emerson,Lefevre,emerson.lefevre514@example.com,BE,2026-01-24 00:14:08
628,Logan,Laurent,logan.laurent2370@example.com,NL,2026-01-15 11:15:39
629,Alex,Vincent,,CH,2026-01-07 20:42:44
630,Emerson,Vincent,emerson.vincent8980@example.com,NL,2026-01-05 03:10:47
631,Riley,Garcia,riley.garcia8407@example.com,IT,2026-01-07 21:58:20
632,Riley,Petit,riley.petit2981@example.com,IE,2026-01-28 12:56:37
633,Hayden,Vincent,hayden.vincent1208@example.com,DE,2026-01-15 02:38:05
634,Noah,Bertrand,noah.bertrand5430@example.com,PT,2026-01-18 08:05:46
635,Cameron,Morel,cameron.morel1153@example.com,CH,2026-01-10 09:26:31
636,Cameron,Fournier,cameron.fournier2506@example.com,BE,2026-01-28 10:54:57
637,Jamie,Martin,jamie.martin5141@example.com,BE,2026-01-12 22:48:53
638,Avery,Michel,avery.michel2210@example.com,NL,2026-01-17 02:17:55
639,Cameron,Bertrand,cameron.bertrand9048@example.com,IT,2026-01-06 06:47:57
640,Casey,Vincent,casey.vincent3228@example.com,PT,2026-01-13 18:41:26
641,Alex,Roux,alex.roux521@example.com,DE,2026-01-29 05:57:05
642,Sam,Vincent,sam.vincent4279@example.com,ES,2026-01-27 09:11:15
643,Drew,Lefevre,drew.lefevre3668@example.com,GB,2026-01-29 14:56:04
644,Kai,Roux,kai.roux1493@example.com,DE,2026-01-20 06:17:17
645,Quinn,Richard,quinn.richard8433@example.com,CH,2026-01-07 19:32:37
646,Casey,Bertrand,casey.bertrand5888@example.com,PT,2026-01-02 23:05:33
647,Avery,Michel,avery.michel3844@example.com,NL,2026-01-03 01:52:31
648,Emerson,Bertrand,emerson.bertrand7458@example.com,PT,2026-01-03 06:06:12
649,Kai,Moreau,kai.moreau4324@example.com,BE,2026-01-29 02:09:16
650,Drew,Fournier,drew.fournier1285@example.com,DE,2026-01-26 01:57:21
651,Kai,Lefevre,kai.lefevre5791@example.com,CH,2026-01-17 17:59:30
652,Alex,Roux,alex.roux2286@example.com,IT,2026-01-22 08:31:08
653,Riley,Robert,riley.robert3072@example.com,PT,2026-01-08 15:20:04
654,Morgan,Garcia,morgan.garcia5420@example.com,DE,2026-01-06 12:02:56
655,Noah,Richard,noah.richard6742@example.com,CH,2026-01-02 02:09:05
656,Jamie,Robert,jamie.robert8409@example.com,ES,2026-01-02 21:39:38
657,Avery,Richard,avery.richard8474@example.com,FR,2026-01-20 16:23:27
658,Cameron,Thomas,cameron.thomas3558@example.com,GB,2026-01-22 19:21:35
659,Jamie,Dubois,jamie.dubois6740@example.com,ES,2026-01-30 04:01:40
660,Quinn,Roux,quinn.roux4343@example.com,GB,2026-01-09 03:24:35
661,Quinn,Fournier,quinn.fournier1137@example.com,FR,2026-01-12 03:45:08
662,Riley,Roux,riley.roux8273@example.com,ES,2026-01-21 09:05:47
663,Jules,Morel,jules.morel9837@example.com,PT,2026-01-02 21:28:51
664,Jordan,Bertrand,,BE,2026-01-30 07:05:56
665,Kai,Garcia,kai.garcia6078@example.com,GB,2026-01-03 02:36:33
666,Emerson,Michel,emerson.michel9660@example.com,GB,2026-01-28 23:13:45
667,Morgan,Thomas,morgan.thomas4651@example.com,DE,2026-01-30 01:03:39
668,Alex,Martin,,DE,2026-01-26 08:48:14
669,Charlie,Garcia,charlie.garcia5945@example.com,IT,2026-01-06 04:10:42
670,Avery,Vincent,avery.vincent6949@example.com,BE,2026-01-28 09:53:18
671,Riley,Garcia,riley.garcia9055@example.com,IE,2026-01-28 01:36:27
672,Jules,Moreau,jules.moreau5034@example.com,ES,2026-01-29 01:00:44
673,Taylor,Dubois,taylor.dubois7327@example.com,NL,2026-01-08 20:30:17
674,Logan,Morel,logan.morel862@example.com,PT,2026-01-08 19:16:24
675,Casey,Bertrand,casey.bertrand9844@example.com,NL,2026-01-22 03:15:05
676,Jordan,Morel,jordan.morel628@example.com,IE,2026-01-19 15:46:20
677,Cameron,Morel,cameron.morel951@example.com,DE,2026-01-09 12:12:20
678,Kai,Laurent,kai.laurent3200@example.com,DE,2026-01-02 15:09:27
679,Quinn,Richard,,ES,2026-01-18 11:07:38
680,Jordan,Moreau,jordan.moreau6554@example.com,DE,2026-01-18 03:25:24
681,Kai,Martin,kai.martin1134@example.com,IE,2026-01-05 09:03:03
682,Noah,Michel,noah.michel5703@example.com,GB,2026-01-14 10:09:17
683,Emerson,Fournier,emerson.fournier86@example.com,IE,2026-01-13 16:12:44
684,Jordan,Roux,jordan.roux4831@example.com,IT,2026-01-17 12:05:20
685,Logan,Fournier,logan.fournier4108@example.com,DE,2026-01-22 11:51:46
686,Charlie,David,charlie.david7558@example.com,IT,2026-01-29 11:42:08
687,Jordan,Lefevre,jordan.lefevre3620@example.com,NL,2026-01-12 03:53:16
688,Kai,Vincent,kai.vincent169@example.com,NL,2026-01-13 18:49:28
689,Jordan,Vincent,jordan.vincent2934@example.com,CH,2026-01-24 03:13:38
690,Avery,Richard,avery.richard3125@example.com,DE,2026-01-25 05:22:34
691,Avery,Durand,avery.durand3765@example.com,NL,2026-01-10 20:14:24
692,Casey,Petit,casey.petit1974@example.com,CH,2026-01-04 19:26:40
693,Alex,Vincent,alex.vincent702@example.com,CH,2026-01-24 09:54:39
694,Avery,Bertrand,avery.bertrand3006@example.com,CH,2026-01-25 19:30:49
695,Casey,Bernard,casey.bernard8623@example.com,IE,2026-01-21 13:02:08
696,Drew,Lefevre,drew.lefevre2873@example.com,GB,2026-01-23 04:40:19
697,Charlie,Martin,charlie.martin203@example.com,NL,2026-01-11 05:32:39
698,Quinn,Moreau,quinn.moreau3076@example.com,CH,2026-01-27 15:07:21
699,Charlie,Michel,charlie.michel3023@example.com,NL,2026-01-25 05:06:33
700,Drew,Lefevre,drew.lefevre4591@example.com,CH,2026-01-22 21:08:14
701,Morgan,Petit,morgan.petit4432@example.com,DE,2026-01-12 10:43:58
702,Casey,Robert,casey.robert7759@example.com,IE,2026-01-01 11:21:02
703,Logan,Simon,logan.simon7982@example.com,FR,2026-01-15 13:33:54
704,Emerson,Petit,emerson.petit2686@example.com,PT,2026-01-03 21:56:50
705,Hayden,Simon,hayden.simon4266@example.com,IT,2026-01-18 12:33:04
706,Drew,Martin,drew.martin6756@example.com,CH,2026-01-06 21:15:06
707,Riley,Fournier,riley.fournier9445@example.com,NL,2026-01-27 03:19:33
708,Charlie,Roux,charlie.roux7997@example.com,IT,2026-01-22 16:42:40
709,Hayden,Robert,hayden.robert2755@example.com,BE,2026-01-17 09:05:09
710,Jordan,Thomas,jordan.thomas2664@example.com,IT,2026-01-17 16:21:09
711,Avery,Morel,avery.morel6489@example.com,NL,2026-01-14 04:01:36
712,Noah,Roux,noah.roux7387@example.com,ES,2026-01-21 02:19:55
713,Morgan,Moreau,morgan.moreau1321@example.com,PT,2026-01-11 05:20:00
714,Jules,Vincent,jules.vincent891@example.com,PT,2026-01-02 06:43:02
715,Taylor,Moreau,taylor.moreau2554@example.com,IT,2026-01-05 02:13:47
716,Morgan,Dubois,morgan.dubois4665@example.com,ES,2026-01-22 12:19:09
717,Alex,Bernard,alex.bernard5856@example.com,IE,2026-01-16 18:53:13
718,Avery,Vincent,avery.vincent7298@example.com,ES,2026-01-07 13:25:12
719,Noah,Morel,noah.morel7490@example.com,BE,2026-01-31 15:13:25
720,Kai,Vincent,kai.vincent5083@example.com,PT,2026-01-17 20:28:49
721,Hayden,Laurent,hayden.laurent6002@example.com,FR,2026-01-21 00:15:08
722,Kai,Robert,,GB,2026-01-14 22:06:08
723,Jules,Laurent,jules.laurent159@example.com,FR,2026-01-21 21:29:36
724,Logan,Michel,logan.michel3099@example.com,DE,2026-01-20 23:42:25
725,Jamie,Lefevre,jamie.lefevre6209@example.com,DE,2026-01-11 17:00:31
726,Kai,Morel,kai.morel4464@example.com,IT,2026-01-14 19:40:21
727,Finley,Durand,finley.durand1131@example.com,GB,2026-01-09 20:31:11
728,Quinn,David,quinn.david4468@example.com,ES,2026-01-31 05:33:38
729,Sam,Vincent,sam.vincent372@example.com,ES,2026-01-10 00:37:58
730,Hayden,Martin,hayden.martin3824@example.com,NL,2026-01-05 09:05:13
731,Finley,Laurent,finley.laurent8175@example.com,NL,2026-01-19 00:42:32
732,Jordan,Robert,jordan.robert928@example.com,GB,2026-01-13 22:29:57
733,Jamie,Durand,jamie.durand4107@example.com,DE,2026-01-19 12:34:11
734,Emerson,David,emerson.david4059@example.com,PT,2026-01-02 15:02:32
735,Kai,Durand,kai.durand7756@example.com,NL,2026-01-19 21:21:39
736,Jamie,Bernard,jamie.bernard9014@example.com,IT,2026-01-26 06:55:23
737,Riley,Michel,riley.michel863@example.com,BE,2026-01-11 13:44:30
738,Charlie,Martin,charlie.martin2752@example.com,DE,2026-01-14 09:40:47
739,Alex,Bernard,alex.bernard9530@example.com,PT,2026-01-24 01:43:49
740,Morgan,Richard,morgan.richard8200@example.com,FR,2026-01-05 10:29:25
741,Sam,Michel,sam.michel2531@example.com,DE,2026-01-27 00:53:48
742,Charlie,Vincent,charlie.vincent5700@example.com,BE,2026-01-22 07:08:40
743,Drew,Robert,drew.robert4117@example.com,IT,2026-01-02 22:00:26
744,Logan,Bertrand,logan.bertrand3119@example.com,GB,2026-01-28 12:15:19
745,Avery,Morel,avery.morel9095@example.com,IT,2026-01-08 18:48:49
746,Avery,Vincent,avery.vincent6024@example.com,BE,
747,Jamie,Martin,jamie.martin5975@example.com,IE,2026-01-31 02:34:56
748,Emerson,Durand,emerson.durand8596@example.com,IT,2026-01-25 03:41:12
749,Charlie,Garcia,charlie.garcia5286@example.com,FR,2026-01-06 08:42:00
750,Casey,Richard,casey.richard522@example.com,FR,2026-01-10 19:26:20
751,Noah,Lefevre,noah.lefevre8036@example.com,FR,2026-01-26 12:37:34
752,Drew,Dubois,drew.dubois9937@example.com,GB,2026-01-04 10:34:26
753,Jordan,David,jordan.david1004@example.com,BE,2026-01-18 12:30:33
754,Drew,Bernard,drew.bernard4365@example.com,IT,2026-01-26 16:21:14
755,Jordan,Durand,jordan.durand8521@example.com,BE,2026-01-05 17:09:07
756,Riley,Durand,riley.durand8631@example.com,IE,2026-01-13 01:49:47
757,Logan,Garcia,logan.garcia1738@example.com,BE,2026-01-28 23:44:43
758,Taylor,Richard,taylor.richard2965@example.com,ES,2026-01-27 16:45:22
759,Logan,Morel,logan.morel7268@example.com,NL,2026-01-18 02:29:14
760,Drew,Garcia,drew.garcia7064@example.com,DE,2026-01-16 16:50:51
761,Emerson,Vincent,emerson.vincent4172@example.com,BE,2026-01-18 11:26:25
762,Alex,Bernard,alex.bernard4670@example.com,IT,2026-01-29 22:06:50
763,Alex,Laurent,alex.laurent3645@example.com,IT,2026-01-11 10:17:12
764,Logan,Roux,logan.roux9124@example.com,FR,2026-01-28 16:52:35
765,Hayden,Michel,hayden.michel2567@example.com,DE,2026-01-07 17:15:26
766,Morgan,Moreau,morgan.moreau4930@example.com,DE,2026-01-05 11:04:38
767,Jordan,Simon,jordan.simon7915@example.com,CH,2026-01-09 09:26:45
768,Taylor,Morel,taylor.morel4931@example.com,PT,2026-01-02 19:32:27
769,Sam,Simon,sam.simon5710@example.com,DE,2026-01-22 02:00:04
770,Quinn,Martin,quinn.martin6276@example.com,IE,2026-01-03 15:03:49
771,Noah,Robert,noah.robert5364@example.com,BE,2026-01-25 09:20:25
772,Hayden,Morel,hayden.morel9434@example.com,BE,2026-01-25 12:03:08
773,Casey,Robert,casey.robert5517@example.com,IE,2026-01-05 00:10:19
774,Emerson,Moreau,emerson.moreau1403@example.com,ES,2026-01-20 08:19:03
775,Casey,Bertrand,casey.bertrand9173@example.com,DE,2026-01-10 14:48:47
776,Logan,Morel,logan.morel8599@example.com,BE,2026-01-12 22:53:49
777,Charlie,Fournier,charlie.fournier1477@example.com,NL,2026-01-06 11:06:24
778,Riley,Simon,riley.simon5654@example.com,ES,2026-01-29 19:55:01
779,Drew,Morel,drew.morel7255@example.com,DE,2026-01-31 06:03:35
780,Riley,Michel,riley.michel2565@example.com,CH,2026-01-05 03:58:51
781,Casey,Laurent,casey.laurent235@example.com,GB,2026-01-17 15:56:24
782,Jules,Martin,jules.martin5447@example.com,IE,2026-01-11 03:30:49
783,Kai,Moreau,kai.moreau9001@example.com,FR,2026-01-24 10:45:59
784,Emerson,Fournier,emerson.fournier8641@example.com,DE,2026-01-03 02:39:36
785,Quinn,Moreau,,BE,2026-01-23 13:43:07
786,Avery,Michel,avery.michel1777@example.com,BE,2026-01-01 22:13:40
787,Morgan,Lefevre,morgan.lefevre8341@example.com,CH,2026-01-05 20:02:48
788,Logan,Thomas,logan.thomas3064@example.com,FR,2026-01-10 15:42:23
789,Sam,Dubois,sam.dubois8683@example.com,ES,2026-01-15 19:15:58
790,Alex,Michel,alex.michel5775@example.com,IE,2026-01-18 06:02:43
791,Avery,Bernard,avery.bernard4231@example.com,FR,2026-01-19 19:05:11
792,Logan,Moreau,logan.moreau3705@example.com,ES,2026-01-08 08:45:10
793,Jordan,Lefevre,jordan.lefevre8541@example.com,BE,2026-01-30 17:33:14
794,Morgan,Fournier,morgan.fournier2512@example.com,NL,2026-01-21 16:52:03
795,Hayden,Vincent,hayden.vincent2168@example.com,DE,2026-01-11 00:53:22
796,Casey,Laurent,casey.laurent8592@example.com,ES,2026-01-07 13:34:50
797,Noah,Richard,noah.richard5211@example.com,PT,2026-01-04 07:00:32
798,Jamie,Simon,jamie.simon2394@example.com,BE,2026-01-02 10:21:02
799,Finley,Laurent,finley.laurent7268@example.com,DE,2026-01-31 21:58:51
800,Taylor,Robert,taylor.robert3036@example.com,IT,2026-01-02 06:31:23
801,Quinn,Fournier,quinn.fournier3793@example.com,NL,2026-01-29 22:48:38
802,Jordan,Bertrand,jordan.bertrand2206@example.com,NL,2026-01-25 09:15:02
803,Jamie,Lefevre,jamie.lefevre8061@example.com,FR,2026-01-24 00:04:18
804,Finley,Martin,finley.martin4431@example.com,DE,2026-01-21 01:13:52
805,Riley,Thomas,riley.thomas2911@example.com,NL,2026-01-22 07:48:15
806,Hayden,Dubois,hayden.dubois7015@example.com,BE,2026-01-20 15:42:14
807,Charlie,Lefevre,charlie.lefevre9380@example.com,FR,2026-01-29 19:50:02
808,Kai,Petit,kai.petit7409@example.com,DE,2026-01-23 04:19:39
809,Kai,Vincent,kai.vincent6491@example.com,FR,2026-01-02 21:43:53
810,Riley,Laurent,riley.laurent7211@example.com,IT,2026-01-20 07:45:00
811,Hayden,Richard,hayden.richard6931@example.com,IE,2026-01-15 07:01:25
812,Casey,David,casey.david7410@example.com,CH,2026-01-05 09:22:16
813,Logan,Robert,logan.robert6450@example.com,GB,2026-01-21 01:49:53
814,Noah,Durand,noah.durand7459@example.com,ES,2026-01-05 09:04:00
815,Taylor,Thomas,taylor.thomas1880@example.com,BE,2026-01-22 19:35:13
816,Kai,Morel,kai.morel2629@example.com,ES,2026-01-19 09:11:33
817,Charlie,Fournier,charlie.fournier2469@example.com,FR,2026-01-08 20:53:17
818,Finley,Laurent,finley.laurent5081@example.com,ES,2026-01-22 15:55:42
819,Riley,Martin,riley.martin4156@example.com,IE,2026-01-01 14:13:23
820,Alex,Morel,alex.morel8094@example.com,GB,2026-01-12 13:08:54
821,Finley,David,finley.david1310@example.com,IE,2026-01-30 04:28:05
822,Avery,Morel,avery.morel9144@example.com,NL,2026-01-11 01:54:55
823,Sam,Robert,sam.robert541@example.com,PT,2026-01-29 01:31:36
824,Sam,Petit,sam.petit6841@example.com,CH,2026-01-09 15:40:27
825,Noah,Vincent,noah.vincent2916@example.com,FR,2026-01-23 02:30:25
826,Jordan,Laurent,jordan.laurent5299@example.com,BE,2026-01-18 21:24:52
827,Logan,Thomas,logan.thomas4807@example.com,IT,2026-01-23 20:32:28
828,Charlie,Roux,charlie.roux6789@example.com,FR,2026-01-26 11:15:25
829,Taylor,Fournier,taylor.fournier8676@example.com,IT,2026-01-05 06:08:33
830,Finley,Morel,finley.morel5195@example.com,NL,2026-01-13 14:31:33
831,Casey,Morel,casey.morel9228@example.com,GB,2026-01-25 02:20:39
832,Jamie,Morel,,FR,2026-01-15 02:26:35
833,Hayden,Petit,hayden.petit3406@example.com,NL,2026-01-30 20:53:08
834,Drew,Vincent,drew.vincent3488@example.com,IT,2026-01-01 13:09:44
835,Jordan,Laurent,jordan.laurent4929@example.com,PT,2026-01-25 14:20:10
836,Charlie,Simon,charlie.simon6498@example.com,ES,2026-01-28 14:50:29
837,Riley,Simon,riley.simon5546@example.com,ES,2026-01-24 06:12:05
838,Jules,Robert,jules.robert7556@example.com,BE,2026-01-27 01:36:45
839,Sam,Roux,sam.roux4914@example.com,IE,2026-01-28 10:12:21
840,Alex,Durand,alex.durand9470@example.com,NL,2026-01-17 02:28:51
841,Jordan,Robert,jordan.robert4605@example.com,IE,2026-01-02 12:19:09
842,Jamie,Fournier,jamie.fournier9933@example.com,IT,2026-01-19 21:52:39
843,Charlie,Bernard,charlie.bernard4458@example.com,NL,2026-01-21 02:11:34
844,Hayden,Laurent,hayden.laurent3551@example.com,FR,2026-01-26 11:47:10
845,Riley,Thomas,riley.thomas7280@example.com,IE,2026-01-25 13:31:35
846,Casey,Durand,casey.durand5582@example.com,NL,2026-01-24 11:17:08
847,Casey,Petit,casey.petit8466@example.com,BE,2026-01-07 10:37:36
848,Kai,Petit,kai.petit77@example.com,CH,2026-01-16 02:19:10
849,Jordan,Simon,jordan.simon7659@example.com,IT,2026-01-03 05:45:24
850,Alex,Fournier,alex.fournier5124@example.com,IT,2026-01-11 04:29:16
851,Logan,Simon,logan.simon7237@example.com,PT,2026-01-06 17:04:23
852,Alex,Morel,alex.morel9178@example.com,IE,2026-01-25 22:55:26
853,Charlie,Moreau,charlie.moreau2329@example.com,IT,2026-01-14 18:01:50
854,Quinn,Simon,quinn.simon8866@example.com,FR,2026-01-22 12:53:13
855,Taylor,Lefevre,taylor.lefevre891@example.com,CH,2026-01-05 04:20:11
856,Noah,David,noah.david5836@example.com,IE,2026-01-16 04:01:11
857,Jordan,David,jordan.david9312@example.com,GB,2026-01-07 09:33:09
858,Taylor,David,taylor.david5095@example.com,ES,2026-01-23 14:13:34
859,Quinn,Moreau,quinn.moreau5964@example.com,NL,2026-01-20 00:48:09
860,Charlie,David,charlie.david7997@example.com,GB,2026-01-02 11:15:36
861,Hayden,Richard,hayden.richard4634@example.com,PT,2026-01-17 22:09:59
862,Emerson,Petit,emerson.petit5349@example.com,IE,2026-01-27 23:57:41
863,Hayden,Lefevre,hayden.lefevre9685@example.com,ES,2026-01-21 01:41:41
864,Jules,Lefevre,jules.lefevre1092@example.com,BE,2026-01-17 12:57:38
865,Finley,Fournier,finley.fournier5616@example.com,PT,2026-01-27 10:25:11
866,Noah,Bertrand,noah.bertrand1883@example.com,PT,2026-01-29 17:55:12
867,Hayden,Richard,hayden.richard5056@example.com,CH,2026-01-20 16:47:02
868,Emerson,Simon,emerson.simon8108@example.com,CH,2026-01-03 23:37:55
869,Alex,Robert,alex.robert2454@example.com,CH,2026-01-22 23:45:12
870,Hayden,Durand,hayden.durand3379@example.com,IT,2026-01-16 08:51:47
871,Finley,Michel,finley.michel1472@example.com,BE,
872,Casey,Laurent,casey.laurent1032@example.com,FR,2026-01-18 22:10:33
873,Logan,Michel,logan.michel1807@example.com,CH,2026-01-14 16:47:51
874,Emerson,Simon,emerson.simon6281@example.com,ES,2026-01-20 17:03:44
875,Jules,Robert,jules.robert3093@example.com,BE,2026-01-27 23:06:46
876,Casey,Laurent,casey.laurent2066@example.com,ES,2026-01-07 12:26:40
877,Jules,Garcia,jules.garcia2234@example.com,GB,2026-01-05 02:38:24
878,Quinn,Garcia,quinn.garcia2955@example.com,GB,2026-01-23 01:24:28
879,Emerson,Michel,,GB,2026-01-10 00:27:44
880,Morgan,Roux,morgan.roux4421@example.com,FR,2026-01-20 22:39:38
881,Sam,Fournier,sam.fournier7927@example.com,PT,2026-01-18 21:25:30
882,Casey,Roux,casey.roux4588@example.com,CH,2026-01-23 13:41:24
883,Jordan,Dubois,jordan.dubois7750@example.com,PT,2026-01-31 14:46:31
884,Logan,Fournier,logan.fournier5129@example.com,FR,2026-01-30 18:14:32
885,Jules,David,jules.david8409@example.com,NL,2026-01-23 18:41:43
886,Cameron,Laurent,cameron.laurent2754@example.com,IT,2026-01-02 17:09:28
887,Noah,Moreau,noah.moreau1016@example.com,FR,2026-01-31 13:11:15
888,Cameron,Morel,cameron.morel457@example.com,PT,2026-01-14 22:09:52
889,Avery,Moreau,avery.moreau2181@example.com,FR,2026-01-30 21:27:23
890,Taylor,Morel,taylor.morel2870@example.com,NL,2026-01-29 17:27:43
891,Jamie,Moreau,jamie.moreau3879@example.com,FR,2026-01-24 12:58:15
892,Charlie,Thomas,charlie.thomas2386@example.com,GB,2026-01-29 21:51:32
893,Finley,Lefevre,finley.lefevre3908@example.com,CH,2026-01-22 08:51:09
894,Drew,Bernard,drew.bernard4341@example.com,GB,2026-01-06 15:08:35
895,Cameron,Bertrand,cameron.bertrand8734@example.com,GB,2026-01-12 08:14:06
896,Avery,Robert,avery.robert8700@example.com,GB,2026-01-22 02:30:07
897,Emerson,Simon,emerson.simon8697@example.com,NL,2026-01-02 23:47:20
898,Finley,Morel,finley.morel4476@example.com,IT,2026-01-17 06:15:55
899,Noah,Lefevre,noah.lefevre7564@example.com,DE,2026-01-12 17:42:49
900,Kai,Simon,kai.simon2957@example.com,PT,2026-01-16 04:59:08
901,Alex,Garcia,alex.garcia1610@example.com,DE,2026-01-26 11:58:38
902,Cameron,Moreau,cameron.moreau3173@example.com,CH,2026-01-02 15:39:41
903,Riley,Morel,riley.morel2005@example.com,BE,2026-01-06 19:47:00
904,Noah,Richard,noah.richard1826@example.com,PT,2026-01-09 22:40:55
905,Hayden,Moreau,hayden.moreau7005@example.com,IT,2026-01-16 16:47:35
906,Sam,Lefevre,sam.lefevre6376@example.com,IT,2026-01-17 03:34:15
907,Jamie,David,jamie.david1147@example.com,BE,2026-01-24 20:53:50
908,Jamie,Bertrand,jamie.bertrand1786@example.com,CH,2026-01-07 23:37:25
909,Taylor,David,taylor.david4253@example.com,IT,2026-01-06 00:20:17
910,Hayden,Martin,,FR,2026-01-08 05:25:40
911,Emerson,Moreau,emerson.moreau2493@example.com,IE,2026-01-17 00:16:50
912,Jules,Bertrand,jules.bertrand7154@example.com,PT,2026-01-20 14:35:32
913,Logan,Dubois,logan.dubois64@example.com,GB,2026-01-19 15:53:10
914,Taylor,Fournier,taylor.fournier8780@example.com,FR,2026-01-18 10:10:12
915,Jordan,Michel,jordan.michel8769@example.com,IT,2026-01-17 12:12:06
916,Riley,Richard,riley.richard9094@example.com,IT,2026-01-02 21:49:26
917,Emerson,Petit,emerson.petit5896@example.com,DE,2026-01-24 14:49:03
918,Casey,Bernard,casey.bernard3173@example.com,GB,2026-01-02 05:33:06
919,Emerson,Thomas,emerson.thomas8866@example.com,GB,2026-01-15 22:31:56
920,Alex,Bernard,alex.bernard5568@example.com,BE,2026-01-03 17:18:29
921,Taylor,Durand,taylor.durand8580@example.com,IE,2026-01-23 06:02:24
922,Casey,Fournier,casey.fournier3827@example.com,FR,2026-01-04 11:55:30
923,Jules,Morel,jules.morel760@example.com,ES,2026-01-12 18:44:44
924,Sam,Laurent,sam.laurent1604@example.com,PT,2026-01-23 03:29:36
925,Taylor,Petit,taylor.petit8155@example.com,DE,2026-01-29 21:11:56
926,Finley,Simon,finley.simon6596@example.com,IE,2026-01-16 17:45:39
927,Casey,Simon,casey.simon3503@example.com,PT,2026-01-03 05:06:43
928,Avery,Robert,avery.robert6811@example.com,GB,2026-01-09 03:47:36
929,Morgan,Fournier,morgan.fournier676@example.com,CH,2026-01-07 11:23:18
930,Emerson,Richard,,PT,2026-01-24 15:21:29
931,Noah,Laurent,noah.laurent6829@example.com,IT,2026-01-24 02:35:41
932,Kai,David,kai.david6760@example.com,FR,2026-01-12 14:45:02
933,Quinn,Richard,quinn.richard8200@example.com,IT,2026-01-30 17:05:22
934,Drew,Garcia,drew.garcia84@example.com,IE,2026-01-28 01:46:46
935,Taylor,Morel,taylor.morel5939@example.com,DE,2026-01-27 04:49:21
936,Avery,Bernard,avery.bernard3183@example.com,GB,2026-01-06 11:16:50
937,Jules,Richard,jules.richard2627@example.com,DE,2026-01-03 02:13:59
938,Finley,Moreau,finley.moreau5487@example.com,FR,2026-01-30 22:38:47
939,Taylor,Bernard,taylor.bernard8814@example.com,IE,2026-01-09 12:55:26
940,Taylor,Thomas,taylor.thomas3865@example.com,DE,2026-01-22 14:15:14
941,Charlie,Dubois,charlie.dubois1814@example.com,BE,2026-01-16 19:58:17
942,Riley,Lefevre,riley.lefevre3625@example.com,BE,2026-01-04 13:40:05
943,Casey,Durand,casey.durand9994@example.com,GB,2026-01-23 02:06:10
944,Riley,Michel,riley.michel4428@example.com,CH,2026-01-10 19:35:33
945,Sam,Moreau,sam.moreau2246@example.com,ES,2026-01-06 09:27:06
946,Charlie,Dubois,charlie.dubois4845@example.com,CH,2026-01-30 07:17:12
947,Jamie,Fournier,jamie.fournier9066@example.com,GB,2026-01-12 03:37:21
948,Riley,Fournier,riley.fournier7767@example.com,DE,2026-01-23 11:09:28
949,Morgan,Simon,morgan.simon7124@example.com,ES,2026-01-29 03:07:40
950,Noah,Martin,noah.martin6854@example.com,IE,2026-01-03 03:31:29
951,Sam,Garcia,sam.garcia8711@example.com,PT,2026-01-20 03:24:58
952,Hayden,Bertrand,hayden.bertrand3950@example.com,BE,2026-01-05 00:48:31
953,Riley,Robert,riley.robert5882@example.com,FR,2026-01-15 08:37:14
954,Jules,Laurent,jules.laurent2660@example.com,FR,2026-01-23 07:06:11
955,Hayden,David,hayden.david2281@example.com,GB,2026-01-20 16:16:44
956,Alex,Thomas,alex.thomas6315@example.com,IT,2026-01-17 03:51:49
957,Quinn,Vincent,quinn.vincent9434@example.com,NL,2026-01-11 01:20:35
958,Sam,Roux,sam.roux5973@example.com,CH,2026-01-03 12:04:29
959,Sam,Michel,sam.michel6013@example.com,IE,2026-01-09 12:12:04
960,Riley,Robert,riley.robert5497@example.com,CH,2026-01-12 14:01:38
961,Riley,Dubois,riley.dubois5260@example.com,BE,2026-01-18 02:56:19
962,Avery,Bernard,avery.bernard1048@example.com,IE,2026-01-19 02:21:34
963,Taylor,Bertrand,taylor.bertrand8724@example.com,NL,2026-01-26 20:49:17
964,Jordan,Durand,jordan.durand7511@example.com,IT,2026-01-05 05:43:19
965,Jordan,Petit,jordan.petit2709@example.com,ES,2026-01-14 09:29:47
966,Riley,Roux,riley.roux381@example.com,ES,2026-01-15 05:34:01
967,Jules,Michel,jules.michel6893@example.com,DE,2026-01-22 13:08:03
968,Jordan,Martin,jordan.martin3816@example.com,NL,2026-01-26 05:24:06
969,Charlie,Bertrand,charlie.bertrand9731@example.com,IT,2026-01-26 17:41:18
970,Noah,Robert,noah.robert5031@example.com,NL,2026-01-09 08:05:17
971,Cameron,Bernard,cameron.bernard2440@example.com,CH,2026-01-18 03:24:56
972,Jamie,Vincent,jamie.vincent4683@example.com,ES,2026-01-09 20:22:19
973,Jamie,Dubois,jamie.dubois1925@example.com,GB,2026-01-02 23:56:41
974,Avery,Michel,avery.michel3032@example.com,NL,2026-01-10 23:01:23
975,Drew,Robert,drew.robert6119@example.com,IT,2026-01-22 18:27:27
976,Taylor,Martin,taylor.martin6638@example.com,NL,2026-01-25 05:51:46
977,Casey,Martin,casey.martin8958@example.com,GB,2026-01-25 15:10:27
978,Cameron,Fournier,cameron.fournier2419@example.com,NL,2026-01-28 10:32:32
979,Taylor,Bertrand,taylor.bertrand666@example.com,FR,2026-01-07 18:26:23
980,Emerson,Morel,emerson.morel3620@example.com,CH,2026-01-22 15:35:45
981,Riley,Fournier,riley.fournier8635@example.com,DE,2026-01-11 18:48:58
982,Alex,Thomas,alex.thomas8831@example.com,IE,2026-01-22 14:59:46
983,Emerson,Durand,emerson.durand8045@example.com,FR,2026-01-16 10:12:52
984,Drew,Lefevre,drew.lefevre2433@example.com,IT,2026-01-21 18:14:14
985,Drew,Michel,drew.michel5057@example.com,GB,2026-01-22 15:08:01
986,Finley,David,finley.david4738@example.com,BE,2026-01-08 22:49:46
987,Finley,Robert,finley.robert9630@example.com,GB,2026-01-30 00:38:44
988,Kai,Simon,kai.simon1093@example.com,BE,2026-01-29 16:11:26
989,Avery,Garcia,avery.garcia2875@example.com,ES,2026-01-27 23:34:12
990,Riley,Richard,riley.richard6264@example.com,IT,2026-01-15 01:14:56
991,Noah,Laurent,noah.laurent8105@example.com,FR,2026-01-28 03:36:34
992,Casey,Moreau,casey.moreau4927@example.com,IT,2026-01-31 21:38:49
993,Finley,Richard,finley.richard8069@example.com,GB,2026-01-12 21:09:17
994,Jordan,Morel,jordan.morel5937@example.com,IT,2026-01-29 04:59:26
995,Jules,Petit,jules.petit6124@example.com,IT,2026-01-25 21:08:09
996,Jamie,Fournier,jamie.fournier968@example.com,ES,2026-01-08 02:15:43
997,Drew,Richard,drew.richard876@example.com,NL,2026-01-14 05:41:02
998,Sam,Laurent,sam.laurent4788@example.com,DE,2026-01-26 17:02:35
999,Jamie,Petit,jamie.petit9820@example.com,IT,2026-01-09 02:43:38
1000,Avery,Michel,avery.michel1580@example.com,FR,2026-01-26 22:38:41
